order_id,region,revenue,cost,profit_margin,customer_segment
1001,East,120000,80000,0.3333333333,Platinum
1002,West,0,40000,0.0,Standard
1003,North,75000,50000,0.3333333333,Gold
1004,Unknown,30000,20000,0.3333333333,Standard
1005,South,0,15000,0.0,Standard
